BEGIN EXCLUSIVE TRANSACTION;

INSERT INTO `rankings_cache` (`uuid`, `name`, `created_at`, `archived_at`)
VALUES
    ('08b17a7f-1e68-462c-9f07-7da2193f48f9', 'Ranking 2022', '2022-01-15 00:59:25', NULL);

INSERT INTO `players_cache`
(
    `uuid`, `ranking_uuid`, `usma_id`, `first_name`, `last_name`, `city`, `region`, `country_code`, `nickname`,
    `is_exam_done`, `is_gdpr_agreed`, `is_guest`, `is_static`, `created_at`
)
VALUES
    ('c0643288-a430-4c55-9eda-dcb58d69582f', '08b17a7f-1e68-462c-9f07-7da2193f48f9', 'PLGS001', 'John', 'Doe', 'Kraków', 'Lesser Poland', 'PL', 'mycoolnickname', 1, 1, 0, 0, strftime('%s', 'now')),
    ('ea04d7a1-6a88-428e-951e-2819935d401c', '08b17a7f-1e68-462c-9f07-7da2193f48f9', 'XXYY002', 'Jonathan', 'Doey', 'Katowice', 'Upper Silesia', 'PL', '夢想', 1, 0, 0, 0, strftime('%s', 'now')),
    ('7b639c08-2a88-4dca-a3f6-36a863ac8e52', '08b17a7f-1e68-462c-9f07-7da2193f48f9', 'PLCS006', 'Doom', 'Guy', 'Cieszyn', 'Teschen Silesia', 'PL', 'forgiven321', 0, 0, 0, 0, strftime('%s', 'now')),
    ('a5909d70-78f3-44e2-9468-d69d3f629fdd', '08b17a7f-1e68-462c-9f07-7da2193f48f9', 'XXYY003', 'Eva', 'Brown', 'Poznań', 'Greater Poland', 'PL', 'オルっち', 0, 0, 1, 0, strftime('%s', 'now')),
    ('a6cbb1ee-60b6-4975-a3a0-6fd031ee3e03', '08b17a7f-1e68-462c-9f07-7da2193f48f9', 'XXYY004', 'Walther', 'White', 'Regensburg', 'Bavaria', 'DE', 'warcraft1', 0, 0, 0, 1, strftime('%s', 'now'));

INSERT INTO `user_player` (`user_uid`, `player_uuid`)
VALUES
    ('115896599545566036505', 'c0643288-a430-4c55-9eda-dcb58d69582f');

INSERT INTO `game_sessions`
(
    `uuid`, `ranking_uuid`, `creator_uuid`,
    `player1_uuid`, `player2_uuid`, `player3_uuid`, `player4_uuid`, `tournament_uuid`,
    `place_uuid`, `is_shuffled`, `is_novice_friendly`, `is_unranked`, `is_announced`, `is_player_certified_referee`,
    `is_league_game`, `is_tonpuu`, `is_too_slow`, `is_tenant_host`, `is_hidden`, `is_not_computed`,
    `is_verification_required`, `is_compute_skipped`, `created_at`
)
VALUES
    (
        'fcd65aae-273c-4d58-8b7c-039c0b475a54', '08b17a7f-1e68-462c-9f07-7da2193f48f9', 'c0643288-a430-4c55-9eda-dcb58d69582f',
        'ea04d7a1-6a88-428e-951e-2819935d401c', 'c0643288-a430-4c55-9eda-dcb58d69582f', 'a5909d70-78f3-44e2-9468-d69d3f629fdd', 'a6cbb1ee-60b6-4975-a3a0-6fd031ee3e03', NULL,
        '7f55e43e-dd84-4ef3-8d3d-ed5b312e3ef7', 0, 0, 0, 0, 0,
        0, 0, 0, 1, 0, 0,
        0, 0, strftime('%s', 'now')
    ),
    (
        '11e5645d-9eb7-4f46-90e4-c503c8526f4b', '08b17a7f-1e68-462c-9f07-7da2193f48f9', 'a5909d70-78f3-44e2-9468-d69d3f629fdd',
        'c0643288-a430-4c55-9eda-dcb58d69582f', '7b639c08-2a88-4dca-a3f6-36a863ac8e52', 'ea04d7a1-6a88-428e-951e-2819935d401c', 'a5909d70-78f3-44e2-9468-d69d3f629fdd', NULL,
        '7f55e43e-dd84-4ef3-8d3d-ed5b312e3ef7', 1, 1, 0, 0, 0,
        0, 0, 1, 1, 0, 0,
        0, 0, 1661993220
    ),
    (
        '1411eb16-4bc9-4310-a9a5-d7c38249e3a8', '08b17a7f-1e68-462c-9f07-7da2193f48f9', 'ea04d7a1-6a88-428e-951e-2819935d401c',
        'a6cbb1ee-60b6-4975-a3a0-6fd031ee3e03', 'a5909d70-78f3-44e2-9468-d69d3f629fdd', '7b639c08-2a88-4dca-a3f6-36a863ac8e52', 'ea04d7a1-6a88-428e-951e-2819935d401c', NULL,
        '75e0d15f-8547-4b5b-adb7-1fdbdf8f1667', 0, 0, 0, 0, 0,
        0, 0, 1, 1, 0, 0,
        0, 0, 1661198944
    ),
    (
        '4ef7a18e-6d96-4d63-8988-ea340c41d8c7', '08b17a7f-1e68-462c-9f07-7da2193f48f9', '7b639c08-2a88-4dca-a3f6-36a863ac8e52',
        '7b639c08-2a88-4dca-a3f6-36a863ac8e52', 'ea04d7a1-6a88-428e-951e-2819935d401c', 'a5909d70-78f3-44e2-9468-d69d3f629fdd', 'a6cbb1ee-60b6-4975-a3a0-6fd031ee3e03', NULL,
        '1c6ef423-6a91-47e3-b4df-7734558ea232', 1, 0, 0, 0, 1,
        0, 1, 1, 1, 0, 0,
        0, 0, 1667773793
    ),
    (
        'd777caa9-13d7-4d3e-ac94-6bee465c3c46', '08b17a7f-1e68-462c-9f07-7da2193f48f9', 'a5909d70-78f3-44e2-9468-d69d3f629fdd',
        'a5909d70-78f3-44e2-9468-d69d3f629fdd', 'c0643288-a430-4c55-9eda-dcb58d69582f', 'ea04d7a1-6a88-428e-951e-2819935d401c', '7b639c08-2a88-4dca-a3f6-36a863ac8e52', NULL,
        '8a0fd189-b4a2-4f2f-be84-ff66613d14cc', 0, 0, 0, 0, 1,
        0, 0, 1, 1, 0, 0,
        0, 0, 1663894098
    ),
    (
        '24595a91-3f00-45d4-acc2-d2c9bc438144', '08b17a7f-1e68-462c-9f07-7da2193f48f9', 'a6cbb1ee-60b6-4975-a3a0-6fd031ee3e03',
        '7b639c08-2a88-4dca-a3f6-36a863ac8e52', 'ea04d7a1-6a88-428e-951e-2819935d401c', 'c0643288-a430-4c55-9eda-dcb58d69582f', 'a6cbb1ee-60b6-4975-a3a0-6fd031ee3e03', NULL,
        'fa64cb47-67c5-4553-98c5-ed16c6b5c682', 1, 1, 1, 0, 1,
        0, 1, 1, 1, 0, 0,
        0, 0, 1659919130
    ),
    (
        '410db424-524c-4710-85e2-8cf6201b41c0', '08b17a7f-1e68-462c-9f07-7da2193f48f9', 'c0643288-a430-4c55-9eda-dcb58d69582f',
        'a6cbb1ee-60b6-4975-a3a0-6fd031ee3e03', '7b639c08-2a88-4dca-a3f6-36a863ac8e52', 'a5909d70-78f3-44e2-9468-d69d3f629fdd', 'ea04d7a1-6a88-428e-951e-2819935d401c', NULL,
        '75e0d15f-8547-4b5b-adb7-1fdbdf8f1667', 0, 1, 0, 0, 1,
        0, 1, 1, 1, 0, 0,
        0, 0, 1662214117
    ),
    (
        '8899d31c-f869-4e2d-900b-ea7806b0cf3b', '08b17a7f-1e68-462c-9f07-7da2193f48f9', '7b639c08-2a88-4dca-a3f6-36a863ac8e52',
        'a5909d70-78f3-44e2-9468-d69d3f629fdd', 'ea04d7a1-6a88-428e-951e-2819935d401c', 'a6cbb1ee-60b6-4975-a3a0-6fd031ee3e03', '7b639c08-2a88-4dca-a3f6-36a863ac8e52', NULL,
        '75e0d15f-8547-4b5b-adb7-1fdbdf8f1667', 1, 1, 0, 0, 0,
        0, 0, 1, 1, 0, 0,
        0, 0, 1668959876
    ),
    (
        '38bf7da1-5865-4b03-826b-726afa9c5620', '08b17a7f-1e68-462c-9f07-7da2193f48f9', 'ea04d7a1-6a88-428e-951e-2819935d401c',
        '7b639c08-2a88-4dca-a3f6-36a863ac8e52', 'a6cbb1ee-60b6-4975-a3a0-6fd031ee3e03', 'ea04d7a1-6a88-428e-951e-2819935d401c', 'c0643288-a430-4c55-9eda-dcb58d69582f', NULL,
        '7f55e43e-dd84-4ef3-8d3d-ed5b312e3ef7', 1, 0, 1, 0, 1,
        0, 0, 0, 1, 0, 0,
        0, 0, 1669608044
    ),
    (
        '950e5d66-3e7d-497b-b1af-e3ebe45bcf60', '08b17a7f-1e68-462c-9f07-7da2193f48f9', 'a5909d70-78f3-44e2-9468-d69d3f629fdd',
        'c0643288-a430-4c55-9eda-dcb58d69582f', '7b639c08-2a88-4dca-a3f6-36a863ac8e52', 'a5909d70-78f3-44e2-9468-d69d3f629fdd', 'a6cbb1ee-60b6-4975-a3a0-6fd031ee3e03', NULL,
        '1c6ef423-6a91-47e3-b4df-7734558ea232', 0, 0, 1, 0, 1,
        0, 1, 0, 1, 0, 0,
        0, 0, 1665519743
    ),
    (
        'e0131eeb-537c-42db-8b33-8fc44f98806b', '08b17a7f-1e68-462c-9f07-7da2193f48f9', 'ea04d7a1-6a88-428e-951e-2819935d401c',
        'a5909d70-78f3-44e2-9468-d69d3f629fdd', 'c0643288-a430-4c55-9eda-dcb58d69582f', 'a6cbb1ee-60b6-4975-a3a0-6fd031ee3e03', 'ea04d7a1-6a88-428e-951e-2819935d401c', NULL,
        '1c6ef423-6a91-47e3-b4df-7734558ea232', 0, 1, 1, 0, 0,
        0, 1, 1, 1, 0, 0,
        0, 0, 1658791347
    ),
    (
        '1acf7834-25dd-422f-821f-e95082576fa8', '08b17a7f-1e68-462c-9f07-7da2193f48f9', 'a5909d70-78f3-44e2-9468-d69d3f629fdd',
        'c0643288-a430-4c55-9eda-dcb58d69582f', 'ea04d7a1-6a88-428e-951e-2819935d401c', 'a6cbb1ee-60b6-4975-a3a0-6fd031ee3e03', '7b639c08-2a88-4dca-a3f6-36a863ac8e52', NULL,
        '75e0d15f-8547-4b5b-adb7-1fdbdf8f1667', 0, 0, 1, 0, 1,
        0, 0, 0, 1, 0, 0,
        0, 0, 1666933894
    ),
    (
        '58e38c41-f44d-4fab-a81a-6a9538186bee', '08b17a7f-1e68-462c-9f07-7da2193f48f9', 'ea04d7a1-6a88-428e-951e-2819935d401c',
        '7b639c08-2a88-4dca-a3f6-36a863ac8e52', 'a6cbb1ee-60b6-4975-a3a0-6fd031ee3e03', 'c0643288-a430-4c55-9eda-dcb58d69582f', 'a5909d70-78f3-44e2-9468-d69d3f629fdd', NULL,
        '8a0fd189-b4a2-4f2f-be84-ff66613d14cc', 1, 0, 1, 0, 0,
        0, 0, 1, 1, 0, 0,
        0, 0, 1659290147
    ),
    (
        '41ca9849-5f71-4bfe-9ae4-07414ce67392', '08b17a7f-1e68-462c-9f07-7da2193f48f9', 'ea04d7a1-6a88-428e-951e-2819935d401c',
        'a6cbb1ee-60b6-4975-a3a0-6fd031ee3e03', 'c0643288-a430-4c55-9eda-dcb58d69582f', 'a5909d70-78f3-44e2-9468-d69d3f629fdd', 'ea04d7a1-6a88-428e-951e-2819935d401c', NULL,
        '7f55e43e-dd84-4ef3-8d3d-ed5b312e3ef7', 0, 0, 0, 0, 0,
        0, 1, 0, 1, 0, 0,
        0, 0, 1656453078
    ),
    (
        'c96101cd-f8fc-40ae-94ac-1eb858f9fa87', '08b17a7f-1e68-462c-9f07-7da2193f48f9', 'a5909d70-78f3-44e2-9468-d69d3f629fdd',
        'a6cbb1ee-60b6-4975-a3a0-6fd031ee3e03', 'ea04d7a1-6a88-428e-951e-2819935d401c', 'a5909d70-78f3-44e2-9468-d69d3f629fdd', '7b639c08-2a88-4dca-a3f6-36a863ac8e52', NULL,
        '75e0d15f-8547-4b5b-adb7-1fdbdf8f1667', 0, 0, 0, 0, 0,
        0, 0, 0, 1, 0, 0,
        0, 0, 1667435594
    ),
    (
        'a2e6b34a-b751-467e-aabe-2ec153f8f26d', '08b17a7f-1e68-462c-9f07-7da2193f48f9', 'a6cbb1ee-60b6-4975-a3a0-6fd031ee3e03',
        'a5909d70-78f3-44e2-9468-d69d3f629fdd', 'ea04d7a1-6a88-428e-951e-2819935d401c', 'c0643288-a430-4c55-9eda-dcb58d69582f', '7b639c08-2a88-4dca-a3f6-36a863ac8e52', NULL,
        '314169a4-19da-427b-9d29-7a1c9499ad83', 0, 1, 1, 0, 0,
        0, 1, 0, 1, 0, 0,
        0, 0, 1657907390
    ),
    (
        '839024d7-821d-41a3-adfb-721123fe3473', '08b17a7f-1e68-462c-9f07-7da2193f48f9', 'ea04d7a1-6a88-428e-951e-2819935d401c',
        'c0643288-a430-4c55-9eda-dcb58d69582f', 'a6cbb1ee-60b6-4975-a3a0-6fd031ee3e03', 'ea04d7a1-6a88-428e-951e-2819935d401c', 'a5909d70-78f3-44e2-9468-d69d3f629fdd', NULL,
        '314169a4-19da-427b-9d29-7a1c9499ad83', 0, 0, 1, 0, 0,
        0, 0, 0, 1, 0, 0,
        0, 0, 1668335681
    ),
    (
        'cd95ee2c-f8e6-4db0-a872-289c1496f8f7', '08b17a7f-1e68-462c-9f07-7da2193f48f9', 'c0643288-a430-4c55-9eda-dcb58d69582f',
        'a6cbb1ee-60b6-4975-a3a0-6fd031ee3e03', 'a5909d70-78f3-44e2-9468-d69d3f629fdd', 'c0643288-a430-4c55-9eda-dcb58d69582f', '7b639c08-2a88-4dca-a3f6-36a863ac8e52', NULL,
        '1c6ef423-6a91-47e3-b4df-7734558ea232', 0, 0, 1, 0, 0,
        0, 1, 0, 1, 0, 0,
        0, 0, 1663645276
    ),
    (
        '32d83ea3-38ab-43f8-aef0-86c6ed0c2854', '08b17a7f-1e68-462c-9f07-7da2193f48f9', 'a6cbb1ee-60b6-4975-a3a0-6fd031ee3e03',
        '7b639c08-2a88-4dca-a3f6-36a863ac8e52', 'ea04d7a1-6a88-428e-951e-2819935d401c', 'c0643288-a430-4c55-9eda-dcb58d69582f', 'a5909d70-78f3-44e2-9468-d69d3f629fdd', NULL,
        '7f55e43e-dd84-4ef3-8d3d-ed5b312e3ef7', 0, 0, 1, 0, 0,
        0, 1, 1, 1, 0, 0,
        0, 0, 1662745494
    ),
    (
        '12d11da2-8980-44b5-8281-c7ce849b445c', '08b17a7f-1e68-462c-9f07-7da2193f48f9', 'c0643288-a430-4c55-9eda-dcb58d69582f',
        'ea04d7a1-6a88-428e-951e-2819935d401c', '7b639c08-2a88-4dca-a3f6-36a863ac8e52', 'a6cbb1ee-60b6-4975-a3a0-6fd031ee3e03', 'c0643288-a430-4c55-9eda-dcb58d69582f', NULL,
        '1c6ef423-6a91-47e3-b4df-7734558ea232', 0, 1, 1, 0, 0,
        0, 1, 0, 1, 0, 0,
        0, 0, 1658624140
    ),
    (
        'e985352c-7533-44ac-8a64-05b65c62fd14', '08b17a7f-1e68-462c-9f07-7da2193f48f9', 'c0643288-a430-4c55-9eda-dcb58d69582f',
        'c0643288-a430-4c55-9eda-dcb58d69582f', 'ea04d7a1-6a88-428e-951e-2819935d401c', 'a6cbb1ee-60b6-4975-a3a0-6fd031ee3e03', 'a5909d70-78f3-44e2-9468-d69d3f629fdd', NULL,
        'fa64cb47-67c5-4553-98c5-ed16c6b5c682', 0, 1, 1, 0, 1,
        0, 0, 1, 1, 0, 0,
        0, 0, 1663879777
    ),
    (
        '1197dab4-1b8e-4ecd-b178-595d999a59d3', '08b17a7f-1e68-462c-9f07-7da2193f48f9', 'c0643288-a430-4c55-9eda-dcb58d69582f',
        'ea04d7a1-6a88-428e-951e-2819935d401c', 'c0643288-a430-4c55-9eda-dcb58d69582f', '7b639c08-2a88-4dca-a3f6-36a863ac8e52', 'a5909d70-78f3-44e2-9468-d69d3f629fdd', NULL,
        '7f55e43e-dd84-4ef3-8d3d-ed5b312e3ef7', 0, 1, 1, 0, 1,
        0, 1, 0, 1, 0, 0,
        0, 0, 1661743826
    ),
    (
        '71b364c2-1cfc-4e65-8fed-d0203d0dc899', '08b17a7f-1e68-462c-9f07-7da2193f48f9', 'a5909d70-78f3-44e2-9468-d69d3f629fdd',
        'a5909d70-78f3-44e2-9468-d69d3f629fdd', 'a6cbb1ee-60b6-4975-a3a0-6fd031ee3e03', 'ea04d7a1-6a88-428e-951e-2819935d401c', 'c0643288-a430-4c55-9eda-dcb58d69582f', NULL,
        '314169a4-19da-427b-9d29-7a1c9499ad83', 0, 1, 1, 0, 1,
        0, 1, 0, 1, 0, 0,
        0, 0, 1663055642
    ),
    (
        '80e4b732-da5b-4a4e-b064-819fc0b53b97', '08b17a7f-1e68-462c-9f07-7da2193f48f9', 'ea04d7a1-6a88-428e-951e-2819935d401c',
        'a5909d70-78f3-44e2-9468-d69d3f629fdd', 'ea04d7a1-6a88-428e-951e-2819935d401c', 'c0643288-a430-4c55-9eda-dcb58d69582f', 'a6cbb1ee-60b6-4975-a3a0-6fd031ee3e03', NULL,
        '7f55e43e-dd84-4ef3-8d3d-ed5b312e3ef7', 0, 0, 0, 0, 1,
        0, 1, 1, 1, 0, 0,
        0, 0, 1665810408
    ),
    (
        '9d248bb1-1fc3-409c-8ffd-c097c2da54cc', '08b17a7f-1e68-462c-9f07-7da2193f48f9', 'a5909d70-78f3-44e2-9468-d69d3f629fdd',
        '7b639c08-2a88-4dca-a3f6-36a863ac8e52', 'c0643288-a430-4c55-9eda-dcb58d69582f', 'a5909d70-78f3-44e2-9468-d69d3f629fdd', 'a6cbb1ee-60b6-4975-a3a0-6fd031ee3e03', NULL,
        '75e0d15f-8547-4b5b-adb7-1fdbdf8f1667', 0, 0, 0, 0, 1,
        0, 0, 1, 1, 0, 0,
        0, 0, 1669933508
    ),
    (
        '1cc7fe5c-0a98-48a0-afa3-d7dc2a41d4ab', '08b17a7f-1e68-462c-9f07-7da2193f48f9', 'a6cbb1ee-60b6-4975-a3a0-6fd031ee3e03',
        'c0643288-a430-4c55-9eda-dcb58d69582f', 'ea04d7a1-6a88-428e-951e-2819935d401c', 'a5909d70-78f3-44e2-9468-d69d3f629fdd', '7b639c08-2a88-4dca-a3f6-36a863ac8e52', NULL,
        '314169a4-19da-427b-9d29-7a1c9499ad83', 1, 0, 0, 0, 0,
        0, 1, 0, 1, 0, 0,
        0, 0, 1657184591
    ),
    (
        'f4cad264-d363-43a6-9b44-5a35e2bf9e1a', '08b17a7f-1e68-462c-9f07-7da2193f48f9', 'c0643288-a430-4c55-9eda-dcb58d69582f',
        '7b639c08-2a88-4dca-a3f6-36a863ac8e52', 'c0643288-a430-4c55-9eda-dcb58d69582f', 'ea04d7a1-6a88-428e-951e-2819935d401c', 'a6cbb1ee-60b6-4975-a3a0-6fd031ee3e03', NULL,
        '8a0fd189-b4a2-4f2f-be84-ff66613d14cc', 1, 1, 0, 0, 1,
        0, 0, 1, 1, 0, 0,
        0, 0, 1657974677
    ),
    (
        '9ce5d514-c72e-41df-9b95-4f36d7d187d4', '08b17a7f-1e68-462c-9f07-7da2193f48f9', 'a6cbb1ee-60b6-4975-a3a0-6fd031ee3e03',
        'ea04d7a1-6a88-428e-951e-2819935d401c', 'a6cbb1ee-60b6-4975-a3a0-6fd031ee3e03', '7b639c08-2a88-4dca-a3f6-36a863ac8e52', 'a5909d70-78f3-44e2-9468-d69d3f629fdd', NULL,
        '314169a4-19da-427b-9d29-7a1c9499ad83', 1, 0, 1, 0, 1,
        0, 1, 1, 1, 0, 0,
        0, 0, 1666264534
    ),
    (
        '001bd177-0572-4187-8e7e-38340f05bd98', '08b17a7f-1e68-462c-9f07-7da2193f48f9', '7b639c08-2a88-4dca-a3f6-36a863ac8e52',
        '7b639c08-2a88-4dca-a3f6-36a863ac8e52', 'c0643288-a430-4c55-9eda-dcb58d69582f', 'a5909d70-78f3-44e2-9468-d69d3f629fdd', 'ea04d7a1-6a88-428e-951e-2819935d401c', NULL,
        '8a0fd189-b4a2-4f2f-be84-ff66613d14cc', 0, 0, 1, 0, 1,
        0, 0, 1, 1, 0, 0,
        0, 0, 1661660389
    ),
    (
        'bc5a932f-f4e5-4868-b533-8c51d1652836', '08b17a7f-1e68-462c-9f07-7da2193f48f9', 'c0643288-a430-4c55-9eda-dcb58d69582f',
        'a5909d70-78f3-44e2-9468-d69d3f629fdd', 'a6cbb1ee-60b6-4975-a3a0-6fd031ee3e03', 'ea04d7a1-6a88-428e-951e-2819935d401c', 'c0643288-a430-4c55-9eda-dcb58d69582f', NULL,
        '7f55e43e-dd84-4ef3-8d3d-ed5b312e3ef7', 0, 0, 0, 0, 1,
        0, 0, 1, 1, 0, 0,
        0, 0, 1666210335
    ),
    (
        'b9b0cba1-090f-4ebc-81df-0e94c9e973fc', '08b17a7f-1e68-462c-9f07-7da2193f48f9', 'ea04d7a1-6a88-428e-951e-2819935d401c',
        '7b639c08-2a88-4dca-a3f6-36a863ac8e52', 'ea04d7a1-6a88-428e-951e-2819935d401c', 'a6cbb1ee-60b6-4975-a3a0-6fd031ee3e03', 'c0643288-a430-4c55-9eda-dcb58d69582f', NULL,
        '75e0d15f-8547-4b5b-adb7-1fdbdf8f1667', 1, 0, 1, 0, 0,
        0, 0, 1, 1, 0, 0,
        0, 0, 1660364505
    ),
    (
        '99d5cc01-ed1c-4679-8042-7ca5379e4662', '08b17a7f-1e68-462c-9f07-7da2193f48f9', 'ea04d7a1-6a88-428e-951e-2819935d401c',
        'a6cbb1ee-60b6-4975-a3a0-6fd031ee3e03', 'ea04d7a1-6a88-428e-951e-2819935d401c', 'c0643288-a430-4c55-9eda-dcb58d69582f', '7b639c08-2a88-4dca-a3f6-36a863ac8e52', NULL,
        '7f55e43e-dd84-4ef3-8d3d-ed5b312e3ef7', 0, 1, 0, 0, 0,
        0, 1, 0, 1, 0, 0,
        0, 0, 1668414778
    ),
    (
        '725e3988-7565-48e0-8d85-57ddf615d6d0', '08b17a7f-1e68-462c-9f07-7da2193f48f9', '7b639c08-2a88-4dca-a3f6-36a863ac8e52',
        'a6cbb1ee-60b6-4975-a3a0-6fd031ee3e03', '7b639c08-2a88-4dca-a3f6-36a863ac8e52', 'a5909d70-78f3-44e2-9468-d69d3f629fdd', 'ea04d7a1-6a88-428e-951e-2819935d401c', NULL,
        '1c6ef423-6a91-47e3-b4df-7734558ea232', 0, 0, 0, 0, 0,
        0, 1, 1, 1, 0, 0,
        0, 0, 1659405123
    ),
    (
        '851c9d6e-8f29-4f9b-a505-1e7096cb6222', '08b17a7f-1e68-462c-9f07-7da2193f48f9', 'c0643288-a430-4c55-9eda-dcb58d69582f',
        'c0643288-a430-4c55-9eda-dcb58d69582f', '7b639c08-2a88-4dca-a3f6-36a863ac8e52', 'ea04d7a1-6a88-428e-951e-2819935d401c', 'a6cbb1ee-60b6-4975-a3a0-6fd031ee3e03', NULL,
        '8a0fd189-b4a2-4f2f-be84-ff66613d14cc', 1, 0, 0, 0, 0,
        0, 1, 1, 1, 0, 0,
        0, 0, 1667153133
    ),
    (
        '336d8ea3-572f-43ba-aa1d-c1112fa0da44', '08b17a7f-1e68-462c-9f07-7da2193f48f9', '7b639c08-2a88-4dca-a3f6-36a863ac8e52',
        'a6cbb1ee-60b6-4975-a3a0-6fd031ee3e03', 'a5909d70-78f3-44e2-9468-d69d3f629fdd', 'c0643288-a430-4c55-9eda-dcb58d69582f', 'ea04d7a1-6a88-428e-951e-2819935d401c', NULL,
        '75e0d15f-8547-4b5b-adb7-1fdbdf8f1667', 0, 1, 0, 0, 0,
        0, 0, 1, 1, 0, 0,
        0, 0, 1670403933
    ),
    (
        '5129bca2-314f-4641-9d21-0c6770cb4b51', '08b17a7f-1e68-462c-9f07-7da2193f48f9', 'c0643288-a430-4c55-9eda-dcb58d69582f',
        'a6cbb1ee-60b6-4975-a3a0-6fd031ee3e03', '7b639c08-2a88-4dca-a3f6-36a863ac8e52', 'a5909d70-78f3-44e2-9468-d69d3f629fdd', 'ea04d7a1-6a88-428e-951e-2819935d401c', NULL,
        '314169a4-19da-427b-9d29-7a1c9499ad83', 0, 1, 1, 0, 0,
        0, 0, 0, 1, 0, 0,
        0, 0, 1663962254
    ),
    (
        '764000c7-651b-4102-be98-0b224b8f156d', '08b17a7f-1e68-462c-9f07-7da2193f48f9', 'ea04d7a1-6a88-428e-951e-2819935d401c',
        'a5909d70-78f3-44e2-9468-d69d3f629fdd', 'c0643288-a430-4c55-9eda-dcb58d69582f', 'ea04d7a1-6a88-428e-951e-2819935d401c', 'a6cbb1ee-60b6-4975-a3a0-6fd031ee3e03', NULL,
        '314169a4-19da-427b-9d29-7a1c9499ad83', 0, 1, 0, 0, 0,
        0, 1, 1, 1, 0, 0,
        0, 0, 1667922567
    ),
    (
        'c3116697-4bb2-4605-9a92-c0888e7b48cd', '08b17a7f-1e68-462c-9f07-7da2193f48f9', 'c0643288-a430-4c55-9eda-dcb58d69582f',
        'c0643288-a430-4c55-9eda-dcb58d69582f', '7b639c08-2a88-4dca-a3f6-36a863ac8e52', 'ea04d7a1-6a88-428e-951e-2819935d401c', 'a5909d70-78f3-44e2-9468-d69d3f629fdd', NULL,
        '7f55e43e-dd84-4ef3-8d3d-ed5b312e3ef7', 1, 0, 1, 0, 0,
        0, 0, 1, 1, 0, 0,
        0, 0, 1658834240
    ),
    (
        '1ae4bc61-d4a3-4df4-a72b-82362487750e', '08b17a7f-1e68-462c-9f07-7da2193f48f9', 'c0643288-a430-4c55-9eda-dcb58d69582f',
        'a5909d70-78f3-44e2-9468-d69d3f629fdd', 'ea04d7a1-6a88-428e-951e-2819935d401c', '7b639c08-2a88-4dca-a3f6-36a863ac8e52', 'a6cbb1ee-60b6-4975-a3a0-6fd031ee3e03', NULL,
        '75e0d15f-8547-4b5b-adb7-1fdbdf8f1667', 1, 1, 1, 0, 1,
        0, 0, 0, 1, 0, 0,
        0, 0, 1663741587
    ),
    (
        '669f3176-f2f5-4bd5-87fd-6216c108ac1c', '08b17a7f-1e68-462c-9f07-7da2193f48f9', '7b639c08-2a88-4dca-a3f6-36a863ac8e52',
        '7b639c08-2a88-4dca-a3f6-36a863ac8e52', 'ea04d7a1-6a88-428e-951e-2819935d401c', 'a5909d70-78f3-44e2-9468-d69d3f629fdd', 'c0643288-a430-4c55-9eda-dcb58d69582f', NULL,
        '8a0fd189-b4a2-4f2f-be84-ff66613d14cc', 1, 1, 0, 0, 1,
        0, 1, 0, 1, 0, 0,
        0, 0, 1660904118
    ),
    (
        '3ba16de8-754d-4d37-9bcd-ae0bb0291f6b', '08b17a7f-1e68-462c-9f07-7da2193f48f9', 'a6cbb1ee-60b6-4975-a3a0-6fd031ee3e03',
        'c0643288-a430-4c55-9eda-dcb58d69582f', 'a5909d70-78f3-44e2-9468-d69d3f629fdd', 'a6cbb1ee-60b6-4975-a3a0-6fd031ee3e03', 'ea04d7a1-6a88-428e-951e-2819935d401c', NULL,
        '7f55e43e-dd84-4ef3-8d3d-ed5b312e3ef7', 0, 0, 0, 0, 0,
        0, 0, 0, 1, 0, 0,
        0, 0, 1668574584
    ),
    (
        '38f44d92-5fdb-4370-b7c7-47c28ddbd55c', '08b17a7f-1e68-462c-9f07-7da2193f48f9', '7b639c08-2a88-4dca-a3f6-36a863ac8e52',
        'a6cbb1ee-60b6-4975-a3a0-6fd031ee3e03', 'a5909d70-78f3-44e2-9468-d69d3f629fdd', '7b639c08-2a88-4dca-a3f6-36a863ac8e52', 'ea04d7a1-6a88-428e-951e-2819935d401c', NULL,
        '1c6ef423-6a91-47e3-b4df-7734558ea232', 1, 1, 1, 0, 1,
        0, 1, 0, 1, 0, 0,
        0, 0, 1669963762
    ),
    (
        '9058827c-4b61-478f-b02d-b615399dfea4', '08b17a7f-1e68-462c-9f07-7da2193f48f9', 'ea04d7a1-6a88-428e-951e-2819935d401c',
        'ea04d7a1-6a88-428e-951e-2819935d401c', '7b639c08-2a88-4dca-a3f6-36a863ac8e52', 'a5909d70-78f3-44e2-9468-d69d3f629fdd', 'c0643288-a430-4c55-9eda-dcb58d69582f', NULL,
        '1c6ef423-6a91-47e3-b4df-7734558ea232', 1, 0, 1, 0, 1,
        0, 0, 0, 1, 0, 0,
        0, 0, 1657333191
    ),
    (
        '36fc6160-f1f7-4094-83f1-7101935baa3b', '08b17a7f-1e68-462c-9f07-7da2193f48f9', '7b639c08-2a88-4dca-a3f6-36a863ac8e52',
        'c0643288-a430-4c55-9eda-dcb58d69582f', '7b639c08-2a88-4dca-a3f6-36a863ac8e52', 'ea04d7a1-6a88-428e-951e-2819935d401c', 'a6cbb1ee-60b6-4975-a3a0-6fd031ee3e03', NULL,
        '7f55e43e-dd84-4ef3-8d3d-ed5b312e3ef7', 0, 1, 0, 0, 1,
        0, 1, 1, 1, 0, 0,
        0, 0, 1663846926
    ),
    (
        'ca575629-ccf8-4002-b42f-6fa547f1f300', '08b17a7f-1e68-462c-9f07-7da2193f48f9', 'a5909d70-78f3-44e2-9468-d69d3f629fdd',
        '7b639c08-2a88-4dca-a3f6-36a863ac8e52', 'ea04d7a1-6a88-428e-951e-2819935d401c', 'a6cbb1ee-60b6-4975-a3a0-6fd031ee3e03', 'a5909d70-78f3-44e2-9468-d69d3f629fdd', NULL,
        'fa64cb47-67c5-4553-98c5-ed16c6b5c682', 0, 0, 0, 0, 0,
        0, 1, 1, 1, 0, 0,
        0, 0, 1656600109
    ),
    (
        'd70a45af-595c-4b59-9e70-552192f9b18b', '08b17a7f-1e68-462c-9f07-7da2193f48f9', 'c0643288-a430-4c55-9eda-dcb58d69582f',
        '7b639c08-2a88-4dca-a3f6-36a863ac8e52', 'a6cbb1ee-60b6-4975-a3a0-6fd031ee3e03', 'a5909d70-78f3-44e2-9468-d69d3f629fdd', 'c0643288-a430-4c55-9eda-dcb58d69582f', NULL,
        '1c6ef423-6a91-47e3-b4df-7734558ea232', 1, 0, 0, 0, 0,
        0, 0, 1, 1, 0, 0,
        0, 0, 1669865439
    ),
    (
        '61e80a3a-a12b-4e01-8bb9-13df5c098aae', '08b17a7f-1e68-462c-9f07-7da2193f48f9', 'a6cbb1ee-60b6-4975-a3a0-6fd031ee3e03',
        'a6cbb1ee-60b6-4975-a3a0-6fd031ee3e03', 'c0643288-a430-4c55-9eda-dcb58d69582f', '7b639c08-2a88-4dca-a3f6-36a863ac8e52', 'a5909d70-78f3-44e2-9468-d69d3f629fdd', NULL,
        '75e0d15f-8547-4b5b-adb7-1fdbdf8f1667', 1, 1, 1, 0, 0,
        0, 0, 0, 1, 0, 0,
        0, 0, 1667695468
    ),
    (
        '63d04b4e-c481-4d27-b16a-e20e310ffe7e', '08b17a7f-1e68-462c-9f07-7da2193f48f9', '7b639c08-2a88-4dca-a3f6-36a863ac8e52',
        'a6cbb1ee-60b6-4975-a3a0-6fd031ee3e03', 'ea04d7a1-6a88-428e-951e-2819935d401c', '7b639c08-2a88-4dca-a3f6-36a863ac8e52', 'c0643288-a430-4c55-9eda-dcb58d69582f', NULL,
        '8a0fd189-b4a2-4f2f-be84-ff66613d14cc', 1, 1, 1, 0, 0,
        0, 0, 0, 1, 0, 0,
        0, 0, 1668848294
    ),
    (
        '5a2a43fe-4102-4a8e-82ba-27ea15e1ca59', '08b17a7f-1e68-462c-9f07-7da2193f48f9', 'ea04d7a1-6a88-428e-951e-2819935d401c',
        'a6cbb1ee-60b6-4975-a3a0-6fd031ee3e03', 'ea04d7a1-6a88-428e-951e-2819935d401c', 'c0643288-a430-4c55-9eda-dcb58d69582f', 'a5909d70-78f3-44e2-9468-d69d3f629fdd', NULL,
        '7f55e43e-dd84-4ef3-8d3d-ed5b312e3ef7', 1, 0, 0, 0, 1,
        0, 1, 0, 1, 0, 0,
        0, 0, 1662574785
    ),
    (
        '0c59b97a-aaba-48c7-83f9-f97ea4300fd8', '08b17a7f-1e68-462c-9f07-7da2193f48f9', 'c0643288-a430-4c55-9eda-dcb58d69582f',
        '7b639c08-2a88-4dca-a3f6-36a863ac8e52', 'ea04d7a1-6a88-428e-951e-2819935d401c', 'a6cbb1ee-60b6-4975-a3a0-6fd031ee3e03', 'a5909d70-78f3-44e2-9468-d69d3f629fdd', NULL,
        '75e0d15f-8547-4b5b-adb7-1fdbdf8f1667', 0, 0, 0, 0, 1,
        0, 1, 0, 1, 0, 0,
        0, 0, 1662339351
    ),
    (
        'a993dc90-7973-491a-8d71-eb3460dac48f', '08b17a7f-1e68-462c-9f07-7da2193f48f9', 'a6cbb1ee-60b6-4975-a3a0-6fd031ee3e03',
        'a6cbb1ee-60b6-4975-a3a0-6fd031ee3e03', 'c0643288-a430-4c55-9eda-dcb58d69582f', '7b639c08-2a88-4dca-a3f6-36a863ac8e52', 'a5909d70-78f3-44e2-9468-d69d3f629fdd', NULL,
        'fa64cb47-67c5-4553-98c5-ed16c6b5c682', 1, 1, 1, 0, 0,
        0, 1, 1, 1, 0, 0,
        0, 0, 1656580280
    ),
    (
        '7f4b9f5f-5bc8-4a58-9fbc-b6f70e20d463', '08b17a7f-1e68-462c-9f07-7da2193f48f9', '7b639c08-2a88-4dca-a3f6-36a863ac8e52',
        '7b639c08-2a88-4dca-a3f6-36a863ac8e52', 'a6cbb1ee-60b6-4975-a3a0-6fd031ee3e03', 'ea04d7a1-6a88-428e-951e-2819935d401c', 'a5909d70-78f3-44e2-9468-d69d3f629fdd', NULL,
        'fa64cb47-67c5-4553-98c5-ed16c6b5c682', 1, 0, 1, 0, 0,
        0, 1, 1, 1, 0, 0,
        0, 0, 1666452470
    ),
    (
        'ee718509-b6bc-442c-8d46-a35119a1155a', '08b17a7f-1e68-462c-9f07-7da2193f48f9', 'a6cbb1ee-60b6-4975-a3a0-6fd031ee3e03',
        '7b639c08-2a88-4dca-a3f6-36a863ac8e52', 'a5909d70-78f3-44e2-9468-d69d3f629fdd', 'a6cbb1ee-60b6-4975-a3a0-6fd031ee3e03', 'c0643288-a430-4c55-9eda-dcb58d69582f', NULL,
        '75e0d15f-8547-4b5b-adb7-1fdbdf8f1667', 0, 0, 0, 0, 1,
        0, 0, 1, 1, 0, 0,
        0, 0, 1661482455
    ),
    (
        'adaf4f63-0b23-426a-8963-00e94768040a', '08b17a7f-1e68-462c-9f07-7da2193f48f9', 'a6cbb1ee-60b6-4975-a3a0-6fd031ee3e03',
        'a5909d70-78f3-44e2-9468-d69d3f629fdd', 'ea04d7a1-6a88-428e-951e-2819935d401c', 'c0643288-a430-4c55-9eda-dcb58d69582f', '7b639c08-2a88-4dca-a3f6-36a863ac8e52', NULL,
        '7f55e43e-dd84-4ef3-8d3d-ed5b312e3ef7', 1, 0, 1, 0, 1,
        0, 1, 0, 1, 0, 0,
        0, 0, 1663248728
    ),
    (
        '4b326af3-8f55-40be-b44b-7441b0d2e2fd', '08b17a7f-1e68-462c-9f07-7da2193f48f9', '7b639c08-2a88-4dca-a3f6-36a863ac8e52',
        'c0643288-a430-4c55-9eda-dcb58d69582f', 'a6cbb1ee-60b6-4975-a3a0-6fd031ee3e03', 'a5909d70-78f3-44e2-9468-d69d3f629fdd', '7b639c08-2a88-4dca-a3f6-36a863ac8e52', NULL,
        'fa64cb47-67c5-4553-98c5-ed16c6b5c682', 0, 1, 1, 0, 1,
        0, 0, 1, 1, 0, 0,
        0, 0, 1659833366
    ),
    (
        'b442dd60-3328-4505-8129-a145602f4d40', '08b17a7f-1e68-462c-9f07-7da2193f48f9', 'c0643288-a430-4c55-9eda-dcb58d69582f',
        '7b639c08-2a88-4dca-a3f6-36a863ac8e52', 'a5909d70-78f3-44e2-9468-d69d3f629fdd', 'c0643288-a430-4c55-9eda-dcb58d69582f', 'a6cbb1ee-60b6-4975-a3a0-6fd031ee3e03', NULL,
        '7f55e43e-dd84-4ef3-8d3d-ed5b312e3ef7', 1, 1, 1, 0, 0,
        0, 1, 1, 1, 0, 0,
        0, 0, 1668038230
    ),
    (
        '7cd11e9a-a87b-46c8-a970-1617f7ab9e65', '08b17a7f-1e68-462c-9f07-7da2193f48f9', 'c0643288-a430-4c55-9eda-dcb58d69582f',
        'a5909d70-78f3-44e2-9468-d69d3f629fdd', 'a6cbb1ee-60b6-4975-a3a0-6fd031ee3e03', '7b639c08-2a88-4dca-a3f6-36a863ac8e52', 'ea04d7a1-6a88-428e-951e-2819935d401c', NULL,
        'fa64cb47-67c5-4553-98c5-ed16c6b5c682', 0, 1, 0, 0, 1,
        0, 0, 1, 1, 0, 0,
        0, 0, 1663999634
    ),
    (
        'aadd34c1-b79f-4315-9fd6-5c4d44655a1d', '08b17a7f-1e68-462c-9f07-7da2193f48f9', 'a6cbb1ee-60b6-4975-a3a0-6fd031ee3e03',
        'a5909d70-78f3-44e2-9468-d69d3f629fdd', 'c0643288-a430-4c55-9eda-dcb58d69582f', 'ea04d7a1-6a88-428e-951e-2819935d401c', '7b639c08-2a88-4dca-a3f6-36a863ac8e52', NULL,
        'fa64cb47-67c5-4553-98c5-ed16c6b5c682', 1, 0, 1, 0, 0,
        0, 0, 0, 1, 0, 0,
        0, 0, 1658804185
    ),
    (
        'b12d22f0-92e9-4612-a5b0-163c096dad45', '08b17a7f-1e68-462c-9f07-7da2193f48f9', '7b639c08-2a88-4dca-a3f6-36a863ac8e52',
        'ea04d7a1-6a88-428e-951e-2819935d401c', 'a5909d70-78f3-44e2-9468-d69d3f629fdd', '7b639c08-2a88-4dca-a3f6-36a863ac8e52', 'c0643288-a430-4c55-9eda-dcb58d69582f', NULL,
        '8a0fd189-b4a2-4f2f-be84-ff66613d14cc', 0, 1, 0, 0, 1,
        0, 1, 0, 1, 0, 0,
        0, 0, 1666689915
    ),
    (
        'e8c6bfcc-89da-4e00-91a9-6d9a29d4f9c5', '08b17a7f-1e68-462c-9f07-7da2193f48f9', 'a6cbb1ee-60b6-4975-a3a0-6fd031ee3e03',
        '7b639c08-2a88-4dca-a3f6-36a863ac8e52', 'ea04d7a1-6a88-428e-951e-2819935d401c', 'a5909d70-78f3-44e2-9468-d69d3f629fdd', 'a6cbb1ee-60b6-4975-a3a0-6fd031ee3e03', NULL,
        '75e0d15f-8547-4b5b-adb7-1fdbdf8f1667', 0, 1, 0, 0, 1,
        0, 1, 0, 1, 0, 0,
        0, 0, 1663856457
    ),
    (
        '1b285b1f-c635-4e13-b102-883e97366e0d', '08b17a7f-1e68-462c-9f07-7da2193f48f9', 'c0643288-a430-4c55-9eda-dcb58d69582f',
        'a6cbb1ee-60b6-4975-a3a0-6fd031ee3e03', 'ea04d7a1-6a88-428e-951e-2819935d401c', '7b639c08-2a88-4dca-a3f6-36a863ac8e52', 'c0643288-a430-4c55-9eda-dcb58d69582f', NULL,
        '7f55e43e-dd84-4ef3-8d3d-ed5b312e3ef7', 0, 0, 0, 0, 1,
        0, 0, 1, 1, 0, 0,
        0, 0, 1662703608
    ),
    (
        'b5da4b9b-3e83-4639-a03e-5f7bb2cb04fe', '08b17a7f-1e68-462c-9f07-7da2193f48f9', 'a6cbb1ee-60b6-4975-a3a0-6fd031ee3e03',
        'ea04d7a1-6a88-428e-951e-2819935d401c', 'c0643288-a430-4c55-9eda-dcb58d69582f', 'a5909d70-78f3-44e2-9468-d69d3f629fdd', 'a6cbb1ee-60b6-4975-a3a0-6fd031ee3e03', NULL,
        '314169a4-19da-427b-9d29-7a1c9499ad83', 1, 1, 0, 0, 0,
        0, 0, 1, 1, 0, 0,
        0, 0, 1657225441
    ),
    (
        'de68407a-3ac6-42d5-bc41-ad2c08d0426c', '08b17a7f-1e68-462c-9f07-7da2193f48f9', 'c0643288-a430-4c55-9eda-dcb58d69582f',
        'ea04d7a1-6a88-428e-951e-2819935d401c', 'a5909d70-78f3-44e2-9468-d69d3f629fdd', 'a6cbb1ee-60b6-4975-a3a0-6fd031ee3e03', 'c0643288-a430-4c55-9eda-dcb58d69582f', NULL,
        'fa64cb47-67c5-4553-98c5-ed16c6b5c682', 1, 1, 0, 0, 1,
        0, 1, 0, 1, 0, 0,
        0, 0, 1663645927
    ),
    (
        'def95d75-2637-4a77-8ec0-82cd29522925', '08b17a7f-1e68-462c-9f07-7da2193f48f9', 'a6cbb1ee-60b6-4975-a3a0-6fd031ee3e03',
        'a5909d70-78f3-44e2-9468-d69d3f629fdd', 'a6cbb1ee-60b6-4975-a3a0-6fd031ee3e03', '7b639c08-2a88-4dca-a3f6-36a863ac8e52', 'c0643288-a430-4c55-9eda-dcb58d69582f', NULL,
        'fa64cb47-67c5-4553-98c5-ed16c6b5c682', 1, 0, 1, 0, 0,
        0, 1, 1, 1, 0, 0,
        0, 0, 1663324539
    ),
    (
        '9aa7e5ec-f28a-42ee-9edf-8ed5fbb89746', '08b17a7f-1e68-462c-9f07-7da2193f48f9', 'ea04d7a1-6a88-428e-951e-2819935d401c',
        'a6cbb1ee-60b6-4975-a3a0-6fd031ee3e03', '7b639c08-2a88-4dca-a3f6-36a863ac8e52', 'ea04d7a1-6a88-428e-951e-2819935d401c', 'c0643288-a430-4c55-9eda-dcb58d69582f', NULL,
        '314169a4-19da-427b-9d29-7a1c9499ad83', 1, 0, 1, 0, 1,
        0, 0, 1, 1, 0, 0,
        0, 0, 1661858602
    ),
    (
        '9fa52b31-4a25-4e42-8adf-7b724a4f91fe', '08b17a7f-1e68-462c-9f07-7da2193f48f9', '7b639c08-2a88-4dca-a3f6-36a863ac8e52',
        '7b639c08-2a88-4dca-a3f6-36a863ac8e52', 'a5909d70-78f3-44e2-9468-d69d3f629fdd', 'ea04d7a1-6a88-428e-951e-2819935d401c', 'c0643288-a430-4c55-9eda-dcb58d69582f', NULL,
        '7f55e43e-dd84-4ef3-8d3d-ed5b312e3ef7', 0, 0, 0, 0, 0,
        0, 0, 1, 1, 0, 0,
        0, 0, 1663117420
    ),
    (
        '39a4d5c6-8ceb-4a08-a416-b17e51a89c07', '08b17a7f-1e68-462c-9f07-7da2193f48f9', 'a6cbb1ee-60b6-4975-a3a0-6fd031ee3e03',
        'ea04d7a1-6a88-428e-951e-2819935d401c', 'a5909d70-78f3-44e2-9468-d69d3f629fdd', 'c0643288-a430-4c55-9eda-dcb58d69582f', '7b639c08-2a88-4dca-a3f6-36a863ac8e52', NULL,
        'fa64cb47-67c5-4553-98c5-ed16c6b5c682', 0, 0, 0, 0, 0,
        0, 0, 1, 1, 0, 0,
        0, 0, 1671151237
    ),
    (
        '6304bb9d-cfb7-4cb7-8fec-60e1eb029465', '08b17a7f-1e68-462c-9f07-7da2193f48f9', 'ea04d7a1-6a88-428e-951e-2819935d401c',
        '7b639c08-2a88-4dca-a3f6-36a863ac8e52', 'ea04d7a1-6a88-428e-951e-2819935d401c', 'c0643288-a430-4c55-9eda-dcb58d69582f', 'a5909d70-78f3-44e2-9468-d69d3f629fdd', NULL,
        'fa64cb47-67c5-4553-98c5-ed16c6b5c682', 0, 1, 1, 0, 0,
        0, 1, 1, 1, 0, 0,
        0, 0, 1661531933
    ),
    (
        '8f20ddfb-26c3-48b2-9b12-0fde26bfffd3', '08b17a7f-1e68-462c-9f07-7da2193f48f9', 'a5909d70-78f3-44e2-9468-d69d3f629fdd',
        'c0643288-a430-4c55-9eda-dcb58d69582f', '7b639c08-2a88-4dca-a3f6-36a863ac8e52', 'a5909d70-78f3-44e2-9468-d69d3f629fdd', 'a6cbb1ee-60b6-4975-a3a0-6fd031ee3e03', NULL,
        '7f55e43e-dd84-4ef3-8d3d-ed5b312e3ef7', 1, 1, 1, 0, 1,
        0, 0, 0, 1, 0, 0,
        0, 0, 1658043114
    ),
    (
        'cbce2c2e-406d-4d3e-8d02-1da40ed5dec7', '08b17a7f-1e68-462c-9f07-7da2193f48f9', '7b639c08-2a88-4dca-a3f6-36a863ac8e52',
        'a6cbb1ee-60b6-4975-a3a0-6fd031ee3e03', 'ea04d7a1-6a88-428e-951e-2819935d401c', 'a5909d70-78f3-44e2-9468-d69d3f629fdd', 'c0643288-a430-4c55-9eda-dcb58d69582f', NULL,
        'fa64cb47-67c5-4553-98c5-ed16c6b5c682', 1, 1, 1, 0, 1,
        0, 1, 0, 1, 0, 0,
        0, 0, 1664695798
    ),
    (
        '9e1b6ea8-a4af-4e85-93a2-3871eec2109d', '08b17a7f-1e68-462c-9f07-7da2193f48f9', 'a5909d70-78f3-44e2-9468-d69d3f629fdd',
        'a6cbb1ee-60b6-4975-a3a0-6fd031ee3e03', 'ea04d7a1-6a88-428e-951e-2819935d401c', 'c0643288-a430-4c55-9eda-dcb58d69582f', 'a5909d70-78f3-44e2-9468-d69d3f629fdd', NULL,
        '1c6ef423-6a91-47e3-b4df-7734558ea232', 0, 1, 1, 0, 0,
        0, 0, 1, 1, 0, 0,
        0, 0, 1667271150
    ),
    (
        '9a2e27cb-3d7c-4ceb-8201-2485527e6c6d', '08b17a7f-1e68-462c-9f07-7da2193f48f9', 'ea04d7a1-6a88-428e-951e-2819935d401c',
        'a5909d70-78f3-44e2-9468-d69d3f629fdd', 'c0643288-a430-4c55-9eda-dcb58d69582f', '7b639c08-2a88-4dca-a3f6-36a863ac8e52', 'a6cbb1ee-60b6-4975-a3a0-6fd031ee3e03', NULL,
        '1c6ef423-6a91-47e3-b4df-7734558ea232', 0, 1, 1, 0, 1,
        0, 0, 0, 1, 0, 0,
        0, 0, 1669753982
    ),
    (
        '01e510eb-ff04-40a3-b21b-48b3d6498403', '08b17a7f-1e68-462c-9f07-7da2193f48f9', 'a5909d70-78f3-44e2-9468-d69d3f629fdd',
        '7b639c08-2a88-4dca-a3f6-36a863ac8e52', 'ea04d7a1-6a88-428e-951e-2819935d401c', 'a5909d70-78f3-44e2-9468-d69d3f629fdd', 'a6cbb1ee-60b6-4975-a3a0-6fd031ee3e03', NULL,
        '314169a4-19da-427b-9d29-7a1c9499ad83', 1, 1, 0, 0, 1,
        0, 0, 0, 1, 0, 0,
        0, 0, 1663298167
    ),
    (
        'e32344ee-8435-42c3-8a74-ba70f8f33613', '08b17a7f-1e68-462c-9f07-7da2193f48f9', 'a5909d70-78f3-44e2-9468-d69d3f629fdd',
        'c0643288-a430-4c55-9eda-dcb58d69582f', 'a6cbb1ee-60b6-4975-a3a0-6fd031ee3e03', 'ea04d7a1-6a88-428e-951e-2819935d401c', 'a5909d70-78f3-44e2-9468-d69d3f629fdd', NULL,
        '7f55e43e-dd84-4ef3-8d3d-ed5b312e3ef7', 1, 0, 0, 0, 1,
        0, 0, 1, 1, 0, 0,
        0, 0, 1657822686
    ),
    (
        '9ce4b94d-99f6-463b-bfb3-cc36b7db8a97', '08b17a7f-1e68-462c-9f07-7da2193f48f9', 'a5909d70-78f3-44e2-9468-d69d3f629fdd',
        'c0643288-a430-4c55-9eda-dcb58d69582f', 'a6cbb1ee-60b6-4975-a3a0-6fd031ee3e03', 'ea04d7a1-6a88-428e-951e-2819935d401c', 'a5909d70-78f3-44e2-9468-d69d3f629fdd', NULL,
        '7f55e43e-dd84-4ef3-8d3d-ed5b312e3ef7', 1, 0, 1, 0, 1,
        0, 0, 0, 1, 0, 0,
        0, 0, 1668181346
    ),
    (
        '67e034b1-5730-4c4d-a9b4-94ab8876cdfc', '08b17a7f-1e68-462c-9f07-7da2193f48f9', 'ea04d7a1-6a88-428e-951e-2819935d401c',
        'ea04d7a1-6a88-428e-951e-2819935d401c', '7b639c08-2a88-4dca-a3f6-36a863ac8e52', 'a6cbb1ee-60b6-4975-a3a0-6fd031ee3e03', 'a5909d70-78f3-44e2-9468-d69d3f629fdd', NULL,
        '8a0fd189-b4a2-4f2f-be84-ff66613d14cc', 1, 1, 0, 0, 1,
        0, 0, 1, 1, 0, 0,
        0, 0, 1661990717
    ),
    (
        'd56c2aa0-c841-4021-82e2-709c4fccee1f', '08b17a7f-1e68-462c-9f07-7da2193f48f9', 'a6cbb1ee-60b6-4975-a3a0-6fd031ee3e03',
        '7b639c08-2a88-4dca-a3f6-36a863ac8e52', 'ea04d7a1-6a88-428e-951e-2819935d401c', 'a6cbb1ee-60b6-4975-a3a0-6fd031ee3e03', 'c0643288-a430-4c55-9eda-dcb58d69582f', NULL,
        '8a0fd189-b4a2-4f2f-be84-ff66613d14cc', 0, 0, 1, 0, 0,
        0, 0, 0, 1, 0, 0,
        0, 0, 1658977716
    ),
    (
        'c2192009-d648-4718-ae04-6f2b5188f098', '08b17a7f-1e68-462c-9f07-7da2193f48f9', '7b639c08-2a88-4dca-a3f6-36a863ac8e52',
        'ea04d7a1-6a88-428e-951e-2819935d401c', 'a5909d70-78f3-44e2-9468-d69d3f629fdd', '7b639c08-2a88-4dca-a3f6-36a863ac8e52', 'c0643288-a430-4c55-9eda-dcb58d69582f', NULL,
        '8a0fd189-b4a2-4f2f-be84-ff66613d14cc', 0, 1, 0, 0, 0,
        0, 0, 1, 1, 0, 0,
        0, 0, 1665623272
    ),
    (
        'd38b26aa-64e4-4e7a-ad55-2f36902ffaef', '08b17a7f-1e68-462c-9f07-7da2193f48f9', '7b639c08-2a88-4dca-a3f6-36a863ac8e52',
        'a6cbb1ee-60b6-4975-a3a0-6fd031ee3e03', 'c0643288-a430-4c55-9eda-dcb58d69582f', '7b639c08-2a88-4dca-a3f6-36a863ac8e52', 'ea04d7a1-6a88-428e-951e-2819935d401c', NULL,
        '314169a4-19da-427b-9d29-7a1c9499ad83', 1, 0, 0, 0, 0,
        0, 0, 1, 1, 0, 0,
        0, 0, 1669704999
    ),
    (
        '13a16856-562d-4f00-870d-d06cd32beb07', '08b17a7f-1e68-462c-9f07-7da2193f48f9', 'a5909d70-78f3-44e2-9468-d69d3f629fdd',
        'a6cbb1ee-60b6-4975-a3a0-6fd031ee3e03', 'c0643288-a430-4c55-9eda-dcb58d69582f', 'a5909d70-78f3-44e2-9468-d69d3f629fdd', '7b639c08-2a88-4dca-a3f6-36a863ac8e52', NULL,
        '1c6ef423-6a91-47e3-b4df-7734558ea232', 0, 1, 1, 0, 1,
        0, 0, 0, 1, 0, 0,
        0, 0, 1668491709
    ),
    (
        '9f6711b7-d203-4057-ada6-3a78531f7cc5', '08b17a7f-1e68-462c-9f07-7da2193f48f9', 'a5909d70-78f3-44e2-9468-d69d3f629fdd',
        'c0643288-a430-4c55-9eda-dcb58d69582f', 'a6cbb1ee-60b6-4975-a3a0-6fd031ee3e03', '7b639c08-2a88-4dca-a3f6-36a863ac8e52', 'a5909d70-78f3-44e2-9468-d69d3f629fdd', NULL,
        '7f55e43e-dd84-4ef3-8d3d-ed5b312e3ef7', 0, 1, 1, 0, 1,
        0, 0, 1, 1, 0, 0,
        0, 0, 1656320907
    ),
    (
        '2e8c5e85-5edd-46be-b109-59b80709cb24', '08b17a7f-1e68-462c-9f07-7da2193f48f9', '7b639c08-2a88-4dca-a3f6-36a863ac8e52',
        'a6cbb1ee-60b6-4975-a3a0-6fd031ee3e03', 'ea04d7a1-6a88-428e-951e-2819935d401c', '7b639c08-2a88-4dca-a3f6-36a863ac8e52', 'a5909d70-78f3-44e2-9468-d69d3f629fdd', NULL,
        '75e0d15f-8547-4b5b-adb7-1fdbdf8f1667', 1, 1, 1, 0, 1,
        0, 1, 1, 1, 0, 0,
        0, 0, 1658143136
    ),
    (
        '73681061-d2bf-408f-b0bb-46e696e5b5d2', '08b17a7f-1e68-462c-9f07-7da2193f48f9', 'ea04d7a1-6a88-428e-951e-2819935d401c',
        'ea04d7a1-6a88-428e-951e-2819935d401c', '7b639c08-2a88-4dca-a3f6-36a863ac8e52', 'a5909d70-78f3-44e2-9468-d69d3f629fdd', 'c0643288-a430-4c55-9eda-dcb58d69582f', NULL,
        '75e0d15f-8547-4b5b-adb7-1fdbdf8f1667', 0, 0, 1, 0, 0,
        0, 0, 0, 1, 0, 0,
        0, 0, 1671149650
    ),
    (
        'b19160ad-ebee-425c-b1a3-459bf0355080', '08b17a7f-1e68-462c-9f07-7da2193f48f9', '7b639c08-2a88-4dca-a3f6-36a863ac8e52',
        'c0643288-a430-4c55-9eda-dcb58d69582f', 'ea04d7a1-6a88-428e-951e-2819935d401c', '7b639c08-2a88-4dca-a3f6-36a863ac8e52', 'a5909d70-78f3-44e2-9468-d69d3f629fdd', NULL,
        '1c6ef423-6a91-47e3-b4df-7734558ea232', 0, 0, 0, 0, 1,
        0, 1, 1, 1, 0, 0,
        0, 0, 1668599784
    ),
    (
        '9c752932-0ce0-41c6-9413-371dd74572eb', '08b17a7f-1e68-462c-9f07-7da2193f48f9', 'ea04d7a1-6a88-428e-951e-2819935d401c',
        'c0643288-a430-4c55-9eda-dcb58d69582f', 'ea04d7a1-6a88-428e-951e-2819935d401c', 'a6cbb1ee-60b6-4975-a3a0-6fd031ee3e03', 'a5909d70-78f3-44e2-9468-d69d3f629fdd', NULL,
        '1c6ef423-6a91-47e3-b4df-7734558ea232', 1, 1, 0, 0, 1,
        0, 1, 1, 1, 0, 0,
        0, 0, 1659745190
    ),
    (
        '66e03444-20ac-46dc-988f-45b8cfcc474b', '08b17a7f-1e68-462c-9f07-7da2193f48f9', '7b639c08-2a88-4dca-a3f6-36a863ac8e52',
        '7b639c08-2a88-4dca-a3f6-36a863ac8e52', 'a6cbb1ee-60b6-4975-a3a0-6fd031ee3e03', 'ea04d7a1-6a88-428e-951e-2819935d401c', 'c0643288-a430-4c55-9eda-dcb58d69582f', NULL,
        '75e0d15f-8547-4b5b-adb7-1fdbdf8f1667', 1, 0, 0, 0, 0,
        0, 0, 1, 1, 0, 0,
        0, 0, 1656736659
    ),
    (
        '658fd72d-5cea-4be8-a361-6a83ff63accf', '08b17a7f-1e68-462c-9f07-7da2193f48f9', 'a6cbb1ee-60b6-4975-a3a0-6fd031ee3e03',
        'ea04d7a1-6a88-428e-951e-2819935d401c', '7b639c08-2a88-4dca-a3f6-36a863ac8e52', 'a6cbb1ee-60b6-4975-a3a0-6fd031ee3e03', 'a5909d70-78f3-44e2-9468-d69d3f629fdd', NULL,
        '75e0d15f-8547-4b5b-adb7-1fdbdf8f1667', 0, 0, 1, 0, 1,
        0, 0, 1, 1, 0, 0,
        0, 0, 1660367283
    ),
    (
        '56b9c8df-caf6-47d0-bb52-3e77ec734fa5', '08b17a7f-1e68-462c-9f07-7da2193f48f9', 'a5909d70-78f3-44e2-9468-d69d3f629fdd',
        'c0643288-a430-4c55-9eda-dcb58d69582f', 'ea04d7a1-6a88-428e-951e-2819935d401c', '7b639c08-2a88-4dca-a3f6-36a863ac8e52', 'a5909d70-78f3-44e2-9468-d69d3f629fdd', NULL,
        '7f55e43e-dd84-4ef3-8d3d-ed5b312e3ef7', 1, 1, 1, 0, 0,
        0, 0, 1, 1, 0, 0,
        0, 0, 1669390786
    ),
    (
        '66c5f148-9ae1-4fc4-9c92-d666df06e9ae', '08b17a7f-1e68-462c-9f07-7da2193f48f9', 'ea04d7a1-6a88-428e-951e-2819935d401c',
        'ea04d7a1-6a88-428e-951e-2819935d401c', 'a6cbb1ee-60b6-4975-a3a0-6fd031ee3e03', '7b639c08-2a88-4dca-a3f6-36a863ac8e52', 'a5909d70-78f3-44e2-9468-d69d3f629fdd', NULL,
        '314169a4-19da-427b-9d29-7a1c9499ad83', 0, 1, 1, 0, 0,
        0, 0, 0, 1, 0, 0,
        0, 0, 1669068339
    ),
    (
        'f8fa1b71-8358-4197-a998-1636fccf6fea', '08b17a7f-1e68-462c-9f07-7da2193f48f9', '7b639c08-2a88-4dca-a3f6-36a863ac8e52',
        'c0643288-a430-4c55-9eda-dcb58d69582f', 'ea04d7a1-6a88-428e-951e-2819935d401c', 'a5909d70-78f3-44e2-9468-d69d3f629fdd', 'a6cbb1ee-60b6-4975-a3a0-6fd031ee3e03', NULL,
        '1c6ef423-6a91-47e3-b4df-7734558ea232', 1, 1, 1, 0, 0,
        0, 0, 0, 1, 0, 0,
        0, 0, 1658363664
    ),
    (
        'e5f9d99f-ebf2-43ff-9766-0ebb48fd3cee', '08b17a7f-1e68-462c-9f07-7da2193f48f9', '7b639c08-2a88-4dca-a3f6-36a863ac8e52',
        'ea04d7a1-6a88-428e-951e-2819935d401c', 'a5909d70-78f3-44e2-9468-d69d3f629fdd', 'a6cbb1ee-60b6-4975-a3a0-6fd031ee3e03', '7b639c08-2a88-4dca-a3f6-36a863ac8e52', NULL,
        'fa64cb47-67c5-4553-98c5-ed16c6b5c682', 1, 1, 0, 0, 0,
        0, 0, 0, 1, 0, 0,
        0, 0, 1669950834
    ),
    (
        '4f35f41c-853f-4769-b205-92a5e08ce69c', '08b17a7f-1e68-462c-9f07-7da2193f48f9', '7b639c08-2a88-4dca-a3f6-36a863ac8e52',
        'ea04d7a1-6a88-428e-951e-2819935d401c', 'a5909d70-78f3-44e2-9468-d69d3f629fdd', '7b639c08-2a88-4dca-a3f6-36a863ac8e52', 'a6cbb1ee-60b6-4975-a3a0-6fd031ee3e03', NULL,
        '7f55e43e-dd84-4ef3-8d3d-ed5b312e3ef7', 0, 0, 1, 0, 1,
        0, 0, 0, 1, 0, 0,
        0, 0, 1660119400
    ),
    (
        '6d4aae7a-483e-450d-9564-7c12f2beaa39', '08b17a7f-1e68-462c-9f07-7da2193f48f9', 'ea04d7a1-6a88-428e-951e-2819935d401c',
        'a6cbb1ee-60b6-4975-a3a0-6fd031ee3e03', 'ea04d7a1-6a88-428e-951e-2819935d401c', 'c0643288-a430-4c55-9eda-dcb58d69582f', '7b639c08-2a88-4dca-a3f6-36a863ac8e52', NULL,
        '1c6ef423-6a91-47e3-b4df-7734558ea232', 1, 0, 0, 0, 1,
        0, 0, 0, 1, 0, 0,
        0, 0, 1659560893
    ),
    (
        'c95ea072-26e9-45b9-ac0f-16b18b9ea8ff', '08b17a7f-1e68-462c-9f07-7da2193f48f9', 'a6cbb1ee-60b6-4975-a3a0-6fd031ee3e03',
        'c0643288-a430-4c55-9eda-dcb58d69582f', 'ea04d7a1-6a88-428e-951e-2819935d401c', 'a5909d70-78f3-44e2-9468-d69d3f629fdd', 'a6cbb1ee-60b6-4975-a3a0-6fd031ee3e03', NULL,
        '314169a4-19da-427b-9d29-7a1c9499ad83', 1, 1, 0, 0, 1,
        0, 1, 1, 1, 0, 0,
        0, 0, 1665051352
    ),
    (
        '1186c2fd-7048-40e6-b426-4eef258dfed1', '08b17a7f-1e68-462c-9f07-7da2193f48f9', 'c0643288-a430-4c55-9eda-dcb58d69582f',
        'a6cbb1ee-60b6-4975-a3a0-6fd031ee3e03', 'ea04d7a1-6a88-428e-951e-2819935d401c', 'c0643288-a430-4c55-9eda-dcb58d69582f', 'a5909d70-78f3-44e2-9468-d69d3f629fdd', NULL,
        '7f55e43e-dd84-4ef3-8d3d-ed5b312e3ef7', 0, 0, 0, 0, 1,
        0, 1, 0, 1, 0, 0,
        0, 0, 1665292636
    ),
    (
        '232b1a39-97f4-4b4b-a3de-c1a97c7591c2', '08b17a7f-1e68-462c-9f07-7da2193f48f9', 'c0643288-a430-4c55-9eda-dcb58d69582f',
        'ea04d7a1-6a88-428e-951e-2819935d401c', '7b639c08-2a88-4dca-a3f6-36a863ac8e52', 'a5909d70-78f3-44e2-9468-d69d3f629fdd', 'a6cbb1ee-60b6-4975-a3a0-6fd031ee3e03', NULL,
        '1c6ef423-6a91-47e3-b4df-7734558ea232', 1, 1, 1, 0, 1,
        0, 1, 0, 1, 0, 0,
        0, 0, 1664785055
    ),
    (
        '0c94b980-bd4c-4ae0-8fb4-ab654f192c3f', '08b17a7f-1e68-462c-9f07-7da2193f48f9', 'a6cbb1ee-60b6-4975-a3a0-6fd031ee3e03',
        '7b639c08-2a88-4dca-a3f6-36a863ac8e52', 'ea04d7a1-6a88-428e-951e-2819935d401c', 'a6cbb1ee-60b6-4975-a3a0-6fd031ee3e03', 'a5909d70-78f3-44e2-9468-d69d3f629fdd', NULL,
        '7f55e43e-dd84-4ef3-8d3d-ed5b312e3ef7', 0, 0, 1, 0, 1,
        0, 1, 0, 1, 0, 0,
        0, 0, 1659356350
    ),
    (
        '220d6dc0-683e-40e7-a597-d7ea8da6cb2f', '08b17a7f-1e68-462c-9f07-7da2193f48f9', 'ea04d7a1-6a88-428e-951e-2819935d401c',
        'a5909d70-78f3-44e2-9468-d69d3f629fdd', '7b639c08-2a88-4dca-a3f6-36a863ac8e52', 'a6cbb1ee-60b6-4975-a3a0-6fd031ee3e03', 'c0643288-a430-4c55-9eda-dcb58d69582f', NULL,
        '314169a4-19da-427b-9d29-7a1c9499ad83', 1, 1, 1, 0, 1,
        0, 1, 0, 1, 0, 0,
        0, 0, 1656607027
    ),
    (
        '336374a0-8a15-4392-af76-03b268d26221', '08b17a7f-1e68-462c-9f07-7da2193f48f9', 'ea04d7a1-6a88-428e-951e-2819935d401c',
        'c0643288-a430-4c55-9eda-dcb58d69582f', 'a5909d70-78f3-44e2-9468-d69d3f629fdd', 'a6cbb1ee-60b6-4975-a3a0-6fd031ee3e03', '7b639c08-2a88-4dca-a3f6-36a863ac8e52', NULL,
        '314169a4-19da-427b-9d29-7a1c9499ad83', 1, 1, 1, 0, 0,
        0, 1, 0, 1, 0, 0,
        0, 0, 1665908213
    ),
    (
        'f224fd87-55fb-457c-9e7b-b6c41a7185b1', '08b17a7f-1e68-462c-9f07-7da2193f48f9', 'ea04d7a1-6a88-428e-951e-2819935d401c',
        'c0643288-a430-4c55-9eda-dcb58d69582f', 'a5909d70-78f3-44e2-9468-d69d3f629fdd', 'a6cbb1ee-60b6-4975-a3a0-6fd031ee3e03', '7b639c08-2a88-4dca-a3f6-36a863ac8e52', NULL,
        '75e0d15f-8547-4b5b-adb7-1fdbdf8f1667', 0, 1, 0, 0, 1,
        0, 0, 1, 1, 0, 0,
        0, 0, 1667545290
    ),
    (
        '91f55b6d-b7a3-49c3-a3fe-530c6af32fd0', '08b17a7f-1e68-462c-9f07-7da2193f48f9', 'a6cbb1ee-60b6-4975-a3a0-6fd031ee3e03',
        'ea04d7a1-6a88-428e-951e-2819935d401c', 'a6cbb1ee-60b6-4975-a3a0-6fd031ee3e03', 'a5909d70-78f3-44e2-9468-d69d3f629fdd', 'c0643288-a430-4c55-9eda-dcb58d69582f', NULL,
        '314169a4-19da-427b-9d29-7a1c9499ad83', 0, 1, 0, 0, 0,
        0, 1, 0, 1, 0, 0,
        0, 0, 1657433662
    );

INSERT INTO `game_session_events` (`uuid`, `game_session_uuid`, `creator_uuid`, `event_type`, `event_data`, `created_at`)
VALUES
    ('c4452db8-eeea-4cb1-9c83-c561bb80eeda', 'fcd65aae-273c-4d58-8b7c-039c0b475a54', 'c0643288-a430-4c55-9eda-dcb58d69582f', 'start', NULL, 1667731633),
    ('e53c8100-1fcb-4763-9b6e-b655ede477e3', 'fcd65aae-273c-4d58-8b7c-039c0b475a54', 'c0643288-a430-4c55-9eda-dcb58d69582f', 'finish_round_by_tsumo', '{"delta":[{"scoring_player_uuid":"ea04d7a1-6a88-428e-951e-2819935d401c","tile_set":null,"han":1,"fu":4,"yakuman":null}],"declared_riichi_player_uuids":["a5909d70-78f3-44e2-9468-d69d3f629fdd"]}', 1667731741),
    ('cbb7b681-6617-4bab-bc2c-4ae579d00b45', 'fcd65aae-273c-4d58-8b7c-039c0b475a54', 'c0643288-a430-4c55-9eda-dcb58d69582f', 'finish_round_by_ron', '{"delta":[{"scoring_player_uuid":"ea04d7a1-6a88-428e-951e-2819935d401c","losing_player_uuid":"c0643288-a430-4c55-9eda-dcb58d69582f","tile_set":null,"han":1,"fu":4,"yakuman":null}],"declared_riichi_player_uuids":["a5909d70-78f3-44e2-9468-d69d3f629fdd"]}', 1667731799),
    ('0e79cc92-4fd1-4f49-ad39-7cf0c7d3ea80', 'fcd65aae-273c-4d58-8b7c-039c0b475a54', 'c0643288-a430-4c55-9eda-dcb58d69582f', 'finish_round_by_chonbo', '{"player_uuid":"c0643288-a430-4c55-9eda-dcb58d69582f"}', 1667732000),
    ('c49f8e1e-9aeb-49d2-911b-ae54d22b7124', 'fcd65aae-273c-4d58-8b7c-039c0b475a54', 'ea04d7a1-6a88-428e-951e-2819935d401c', 'finish_round_by_chonbo', '{"player_uuid":"a5909d70-78f3-44e2-9468-d69d3f629fdd"}', 1667732800),
    ('7a070563-1b9c-4d2b-ac22-c83d2ee0d168', 'fcd65aae-273c-4d58-8b7c-039c0b475a54', 'c0643288-a430-4c55-9eda-dcb58d69582f', 'undo_last', NULL, 1667732815),
    ('53e5ebab-0b8e-44cb-a997-d309b7dafb49', 'fcd65aae-273c-4d58-8b7c-039c0b475a54', 'c0643288-a430-4c55-9eda-dcb58d69582f', 'finish_round_by_ryuukyoku', '{"tenpai_player_uuids":["c0643288-a430-4c55-9eda-dcb58d69582f"],"declared_riichi_player_uuids":["c0643288-a430-4c55-9eda-dcb58d69582f","ea04d7a1-6a88-428e-951e-2819935d401c"]}', 1667732825),
    ('9bd134d5-b5ba-42db-bae8-1f454391b564', 'fcd65aae-273c-4d58-8b7c-039c0b475a54', 'c0643288-a430-4c55-9eda-dcb58d69582f', 'end', NULL, 1667732835);

INSERT INTO `game_sessions_stats_cache`
(
    `game_session_uuid`, `player1_points`, `player2_points`, `player3_points`, `player4_points`,
    `ended_at`, `round`, `wind`, `duration`, `created_at`
)
VALUES
    (
        'fcd65aae-273c-4d58-8b7c-039c0b475a54', 30000, -10000, 10000, 10000,
        1667731667, 1, 1, 34, strftime('%s', 'now')
    );

INSERT INTO `places` (`uuid`, `name`, `street`, `city`, `country_code`, `type`, `created_at`)
VALUES
    ('7f55e43e-dd84-4ef3-8d3d-ed5b312e3ef7', 'Smoczy Czajnik', 'Francuska 15', 'Katowice', 'PL', 'public', strftime('%s', 'now')),
    ('1c6ef423-6a91-47e3-b4df-7734558ea232', 'Cajovna u cajoveho skřítka', 'Heyrovského 1725', 'Ostrava', 'CZ', 'public', strftime('%s', 'now')),
    ('fa64cb47-67c5-4553-98c5-ed16c6b5c682', 'Boardowa', 'Topolowa 52', 'Kraków', 'PL', 'public', strftime('%s', 'now')),
    ('8a0fd189-b4a2-4f2f-be84-ff66613d14cc', 'Synercom Oddział Mysłowice', 'Piastów Śląskich 18a', 'Mysłowice', 'PL', 'public', strftime('%s', 'now')),
    ('75e0d15f-8547-4b5b-adb7-1fdbdf8f1667', 'Drzwi zwane koniem', 'Warszawska 37', 'Katowice', 'PL', 'public', strftime('%s', 'now')),
    ('314169a4-19da-427b-9d29-7a1c9499ad83', 'Herbaciarnia Satomi', 'Ogrodnicza 1', 'Pisarzowice', 'PL', 'public', strftime('%s', 'now'));

INSERT INTO `ranks_cache` (uuid, ranking_uuid, name, required_points, required_exam, color, created_at)
VALUES
    ('95e189e6-4490-4539-97e7-55c75b3a8c25', '08b17a7f-1e68-462c-9f07-7da2193f48f9', '9th Kyu', 10, 0, '#b9d3d9', strftime('%s', 'now')),
    ('11ab737d-50b8-4e2d-92d0-bdca4398dfe8', '08b17a7f-1e68-462c-9f07-7da2193f48f9', '8th Kyu', 20, 0, '#a2c5cd', strftime('%s', 'now')),
    ('b5cd045a-345c-4eb0-89b9-91f64cd33db4', '08b17a7f-1e68-462c-9f07-7da2193f48f9', '7th Kyu', 30, 0, '#8bb6c0', strftime('%s', 'now')),
    ('48e9fc22-b263-4bb2-a9d8-db1f507706b0', '08b17a7f-1e68-462c-9f07-7da2193f48f9', '6th Kyu', 50, 0, '#74a8b4', strftime('%s', 'now')),
    ('60086140-a9ff-4721-ba24-d769fd677498', '08b17a7f-1e68-462c-9f07-7da2193f48f9', '5th Kyu', 70, 0, '#5d9aa8', strftime('%s', 'now')),
    ('4f9f5420-b962-48ab-b913-9f15f40af51a', '08b17a7f-1e68-462c-9f07-7da2193f48f9', '4th Kyu', 90, 0, '#468b9b', strftime('%s', 'now')),
    ('087308f4-29df-4488-a941-c20fea8145fe', '08b17a7f-1e68-462c-9f07-7da2193f48f9', '3rd Kyu', 120, 0, '#2e7c8e', strftime('%s', 'now')),
    ('c4c9e5fb-604d-498e-b94a-4a429b915a61', '08b17a7f-1e68-462c-9f07-7da2193f48f9', '2nd Kyu', 150, 0, '#176e82', strftime('%s', 'now')),
    ('1dfa3cb4-3279-4d64-9919-d169c597c152', '08b17a7f-1e68-462c-9f07-7da2193f48f9', '1st Kyu', 220, 0, '#006076', strftime('%s', 'now')),
    ('f3cf695e-1df6-466c-95b6-cebf5a537f18', '08b17a7f-1e68-462c-9f07-7da2193f48f9', '1st Dan', 300, 0, '#c88985', strftime('%s', 'now')),
    ('b71adf94-038a-4479-84e8-cc44c7633e6a', '08b17a7f-1e68-462c-9f07-7da2193f48f9', '2nd Dan', 425, 0, '#b6625d', strftime('%s', 'now')),
    ('b7882a06-9828-491e-b027-095bd1ca9733', '08b17a7f-1e68-462c-9f07-7da2193f48f9', '3rd Dan', 650, 0, '#92140c', strftime('%s', 'now')),
    ('10ee6a6a-1969-4473-89ff-77a66c9e36a2', '08b17a7f-1e68-462c-9f07-7da2193f48f9', '4th Dan', 900, 1, '#9598a7', strftime('%s', 'now')),
    ('1ec4bf25-dd8e-4059-832b-de7b8767bbda', '08b17a7f-1e68-462c-9f07-7da2193f48f9', '5th Dan', 1200, 1, '#73778a', strftime('%s', 'now')),
    ('c0c4f469-74c4-42de-baeb-0b436fd16889', '08b17a7f-1e68-462c-9f07-7da2193f48f9', '6th Dan', 1600, 1, '#2d3350', strftime('%s', 'now')),
-- these two are purely virtual, hence 9999999 required_points value so it is impossible to reach :)
    ('f60a25a8-37b8-4e49-9c81-82d96d6a9657', '08b17a7f-1e68-462c-9f07-7da2193f48f9', 'Novice', 99999999, 1, '#73778a', strftime('%s', 'now')),
    ('52986c1a-64b6-45de-b662-a35898ac69e4', '08b17a7f-1e68-462c-9f07-7da2193f48f9', 'Guest', 99999999, 1, '#73778a', strftime('%s', 'now'));

INSERT INTO `ranking_snapshot_cache` (player_uuid, ranking_uuid, rank_uuid, rank_points, elo_points)
VALUES
    ('c0643288-a430-4c55-9eda-dcb58d69582f', '08b17a7f-1e68-462c-9f07-7da2193f48f9', '48e9fc22-b263-4bb2-a9d8-db1f507706b0', 55, 1980),
    ('ea04d7a1-6a88-428e-951e-2819935d401c', '08b17a7f-1e68-462c-9f07-7da2193f48f9', 'b7882a06-9828-491e-b027-095bd1ca9733', 800, 2100),
    ('a5909d70-78f3-44e2-9468-d69d3f629fdd', '08b17a7f-1e68-462c-9f07-7da2193f48f9', '95e189e6-4490-4539-97e7-55c75b3a8c25', 12, 2000),
    ('a6cbb1ee-60b6-4975-a3a0-6fd031ee3e03', '08b17a7f-1e68-462c-9f07-7da2193f48f9', 'f60a25a8-37b8-4e49-9c81-82d96d6a9657', 6, 1700),
    ('7b639c08-2a88-4dca-a3f6-36a863ac8e52', '08b17a7f-1e68-462c-9f07-7da2193f48f9', '52986c1a-64b6-45de-b662-a35898ac69e4', 0, 1800);
COMMIT TRANSACTION;